positive words,negative words,risk words,forward-looking words,environmental words,governance words,social words
great,decline,impact,will,soil,meeting,child
excellent,drop,likely,expect,carbon,board,workplace
good,downturn,potential,anticipate,co2,recommendation,social
successful,decrease,consequence,plan,plastic,engagement,worker
strong,slowdown,potentially,even,water use,formal,health
fantastic,deterioration,cause,expectation,chemical,inform,community
best,fall,disruption,hope,waste water,senior management,care
unique,lower,difficulty,view,air,communication,youth
strength,contraction,extreme,intend,renewable energy,policy,colleague
truly,sharp decline,low,predict,consumption,individual,people disability
success,negative,reduce,mean,reduce emission,person,equality
create,slump,affect,therefore,environmental impact,evaluation,work
dynamic,weaker,difficult,thus,clean,decision,wellbeing
appreciate,depressed,pressure,already,water consumption,matter,staff
innovation,reduction,failure,possible,plant,duty,workforce
innovative,market decline,due to,optimistic,energy use,proposal,local community
creativity,stagnation,result,also,recycle,opinion,mental health
desire,economic slowdown,risk,outlook,energy consumption,communicate,professional
attractive,worsen,substantial,ahead,greenhouse gas emission,top management,human
remarkable,deteriorate,might,time,fossil fuel,guideline,woman
better,negative impact,change,believe,air quality,review,adult
succeed,subdue,severe weather,early,waste management,document,organisation
importantly,recession,extreme weather event,intention,wastewater,appoint,volunteer
exciting,oversupply,consequently,ultimately,energy efficiency,task,child young people
powerful,weak,severe,go forward,carbon emission,question,educational
proud,economic downturn,fail,gradually,wood,role,training
inspiring,slower,scenario,forecast,recycling,compliance,employment
creative,come pressure,unexpected,trend,co2 emission,responsibility,job
help,spike,inevitable,prospect,ecological,request,welfare
genuine,weak demand,shift,beyond,air pollution,conduct,child adolescent
well,sharp drop,threat,move forward,transport,independence,school
enable,slow growth,uncertainty,prospects,environmental,selection process,violence
perfect,negatively impact,lack,next,raw material,feedback,diversity
enhance,weakened,unpredictable,start,water resource,code conduct,gender equality
improve,low oil price,damage,horizon,ozone,independent,cultural
happy,collapse,limit,trajectory,natural resource,director,disabled
excellence,negative effect,crisis,exist,packaging,function,child youth
positive,slow,extreme weather,project,pesticide,nomination,veteran
passion,softening,phenomenon,finally,fuel,rule,autism
brilliant,weakening,naturally,medium term,renewable,board director,citizen
amazing,weaker demand,external factor,prediction,biomass,conflict interest,social inclusion
enthusiastic,slower growth,drought,so that,water usage,executive director,student
demonstrate,fall sharply,because of,in order,circular economy,executive management,mental
impressive,weaken,may,market,gas,management team,employer
true,overcapacity,shortage,see,landfill,corporate,people intellectual disability
support,underperformance,weather condition,momentum,noise,board member,vulnerable people
confident,muted,constraint,optimism,production,remuneration,society
distinctive,sale decline,natural disaster,upcome,greenhouse gas,must,promotion
experience,downward pressure,problem,possibility,pollute,furthermore,childhood
valuable,supply shortage,ability,hopeful,waterway,qualification,promote
enjoy,market downturn,uncertain,long term,air emission,dialogue,initiative
drive,fluctuation,occur,eventually,production process,remuneration policy,local
team,price decline,extreme weather condition,remain,energy production,relevant,sexual
ideal,lower volume,challenge,accelerate,food waste,firm,harassment
compelling,market weakness,moderate,target,reuse,procedure,violence against woman
win,shrink,natural phenomenon,reach,renewable energy source,approve,program
deliver,downward trend,exposure,next step,forest,practice,bully
able,loss,weather,make,green,ceo,refugee
stand out,poor performance,physical,suggest,ocean,recommend,transgender
inspire,slight increase,situation,look ahead,carbon footprint,staff member,immigrant
crucial,slightly lower,weather-related,thereby,methane,principle,dignity
grow,sluggish,disruptive,though,particulate matter,objective,disabled people
excite,slight decline,short term,chance,climate,information,programme
develop,economic recession,mitigate,as well,residue,establish,population
encouraging,delay,flooding,far,hazardous waste,issue,exoffender
interesting,soften,availability,foresee,water quality,consult,health wellbeing
important,destocking,potential impact,ready,ghg emission,representative,campaign
boost,negative trend,rapidly,realistic,toxic chemical,decide,lgbtq
solid,worsening,unforeseen,model,eutrophication,submit,young
vital,cutback,poor,happen,burning,corporate governance,work environment
trust,plummet,natural,recent,heat,decision make,migrant
showcase,diminish,instance,parallel,effluent,recruitment process,organization
shape,lower sale volume,storm,hopefully,volatile organic compound,involvement,girl
even better,price pressure,face,come,manure,action,solidarity
achieve,falter,unable,long,air pollutant,chairman,woman girl
dedication,sharp increase,inability,outcome,deforestation,membership,vulnerable group
high quality,steep decline,instability,light,environment,competence,racism
hard work,slowdown growth,longer,response,energy source,discuss,social exclusion
promising,lag,likelihood,certainty,reduce water consumption,representation,mental illness
appealing,devaluation,vulnerability,begin,nitrate,internal,disadvantaged community
pride,higher interest rate,competitive pressure,cautious,microplastic,stakeholder,mental health wellbeing
incredible,slow recovery,covid19,remain cautious,air water,approval,child young
enthusiasm,gradual recovery,climate event,aim,dust,propose,stigma
unrivalled,rise price,weather event,ongoing,phosphate,moreover,literacy
increasingly,significantly higher,physical risk,assume,product,update,child teenager
stronger,slightly,heavy rainfall,readiness,acidification,contact,physical mental
keen,sharply,nature,anticipation,chemical process,chair,education training
transform,deflation,considerably,capacity,wildlife,content,sexual harassment
innovate,lower than expected,dependency,long-term,natural environment,audit,parent carer
focus,high level inflation,limited,near term,atmospheric,purpose,worklife balance
delight,suffer,severe weather event,longer term,waste incineration,internal regulation,addiction
growth,volatile,extreme event,earlier,carbon dioxide,regard,parenting
offer,dramatic decline,effect,seem,fertilizer,interview,dementia
encourage,low level,arise,visibility,transportation,interaction,child protection
strengthen,interest rate hike,catastrophic event,planned,waste product,exercise,child family
highly,revenue decline,extent,strategy,improve air quality,advice,young girl
supportive,weaken demand,insufficient,clearly,reduce environmental impact,appropriate,parenthood
contribute,stabilise,cyclical,speed,nonrenewable resource,assignment,person disability
excel,deep recession,level,go on,land use,company policy,quality life
strive,depress,massive,evolution,waste generation,ensure,raise awareness
world class,difficult market condition,disturbance,reality,co,advise,inclusion people disability
meaningful,drop significantly,structural,pipeline,plastic waste,authority,safety
stimulate,unfavorable,inevitably,intent,oil,governance,sexual abuse
leader,slight,supply side,move,sludge,regularly,sexuality
thrive,slow down,expose,market opportunity,electricity,supervisor,lgbtq community
passionate,recovery,emerge,make possible,gas emission,relationship,child disability
prove,production disruption,degradation,progressively,fresh water,confirm,menopause
superb,decline slightly,major,renew,environmental footprint,mandate,teenager
foster,sharp decrease,tension,evolve,nontoxic,company management,disadvantaged child
vision,downward,climatic condition,positive outlook,material,self-assessment,access education
unparalleled,drop oil price,disrupt,goal,plastic material,ethic,personal
essential,price increase,customer demand,continued,hazardous substance,concern,child adult
need,sudden,concentration,growth potential,reduce carbon emission,structure,health care
bright,negatively affect,covid19 pandemic,anticipated,reduce energy consumption,engage,longterm unemployed
high,rise interest rate,attack,early stage,nitrogen,assessment,social mobility
profitable,dip,could potentially,mediumterm,waste generate,code ethics,physical disability
aspire,higher inflation,power outage,reflect,reduce consumption,suggestion,charity
love,remain stable,acute,portfolio,pollute emission,participant,children health
leadership,significantly lower,rainfall,even faster,resource use,responsible,people
beautiful,adverse,climatic,acceleration,soil water,regular,elderly
nurture,remain weak,complexity,soon,reduce carbon footprint,employee representative,women
thrill,rise sharply,climate change effect,realise,water management,company,allyship
platform,lower margin,flood,economic recovery,plastic recycle,supervisory,learn difficulty
ambition,unfavourable,strain,latest,wastewater treatment,submission,socially vulnerable group
thrilling,resurgence,minimal,strategic plan,recycle reuse,senior manager,bullying
clear,dampen,significantly reduce,priority,waste recycle,govern body,poverty
pioneering spirit,inflation,short medium term,meantime,greenhouse,transparent,racial
learn,somewhat lower,landslide,materialise,sea,guidance,teacher
leverage,marked decline,avoid,signal,energy generation,framework,sexual orientation
modern,persistently high,immediate,growth prospects,invasive species,consultant,woman empowerment
inspiration,strained,heighten,evidence,riverbank,mechanism,teach
capability,worse,attempt,actually,organic fertiliser,deal,team member
real,recessionary,high temperature,progressive,water pollution,audits,psychological
heart,strong rebound,fragmentation,performance,atmospheric pollution,competent,disabilities
successfully,economic crisis,market dynamics,growth opportunity,pollutant,shareholder,diversity inclusion
big,prolonged,historically,faster,energy water,adopt,young adult
allow,remain subdue,change weather pattern,initial,environmentally friendly,award,homelessness
digital,cost inflation,transition risk,projection,microfibre,formally,community member
high level,revenue loss,capacity constraint,gain momentum,co2 capture,adviser,hero
vibrant,margin pressure,energy crisis,stimulus,climate impact,law,train
industry,economic headwind,hard,business plan,marine,managerial,young generation
wonderful,supply bottleneck,supply constraint,well-positioned,water soil,chief executive officer,promote diversity
superior,slowdown demand,could lead,envision,gaseous emission,group employee,child age
agility,stagnate,consider,opportunity,waste material,accountability,health prevention
tremendous,volatility,largely,show,water air,questionnaire,domestic violence
sound,headwind,stress,perspective,water flow,party,adult child
expertise,subdue demand,temperature change,commitment,marine life,competency,racial equality
embrace,price rise,water shortage,build momentum,produce,senior executive,work place
work hard,slowdown economic growth,elevated,positively,dry,selection,marriage
client,supply chain disruption,peak,direction,marine environment,prepare,family child
stable,elevated level,occurrence,seize opportunity,exhaust air,report,occupational
lead,global recession,geopolitical tension,market environment,building,interested party,employee
fast,sharp reduction,overall,postpandemic,material waste,aspect,learning
empower,protracted,interruption,global economy,renewable resource,knowledge,patient
partner,inflation rise,heavy rain,world economy,odour,position,care-giver
add value,high inventory level,generally,insight,generation waste,finding,maternity
friendly,high level household debt,critical,5g technology,waste recycling,supervision,health well
reinforce,fall slightly,overload,positive momentum,use natural resource,agree,healthcare
entrepreneurial spirit,store closure,operation,5g,fossil,process,collaborator
incredibly,increase raw material price,event,medium long term,groundwater,requirement,religion
quality,interest rate rise,complex,cautiously,farm,acknowledge,mental health support
enjoyable,much lower,larger,steady,capture carbon,transparency,care child
combine,project delay,geopolitical event,realize,harmful chemical,company employee,disadvantaged people
look forward,rise significantly,pricing,promise,circularity,department,illness
phenomenal,shortage supply,sea level rise,gradual,emit,carry out,underprivileged
diverse,adverse impact,unstable,move towards,conservation,member board director,disadvantaged group
impress,rise inflation,competition,pathway,earth,behaviour,man woman
sustained,upward trend,catastrophe,adapt,reduce greenhouse gas emission,compensation,fight
creativity innovation,modest growth,change consumption pattern,convince,thermal,independent director,mental health awareness
visible,global economic crisis,certain,timeline,water energy,criterion,nutrition
capable,higher input cost,overheating,range,habitat,communication channel,empowerment woman
resilient,port congestion,prevent,indication,recycled material,publication,underrepresented group
ingenuity,swing,heavy,market outlook,raw material use,instruction,humanitarian
authentic,erosion,regulatory,step,recycling material,participation,vulnerable child
effort,cyclical downturn,large,probably,water treatment,investigation,career
competitive advantage,poor weather,resistance,definitely,atmospheric emission,official,youth development
popular,high inflation,costly,moment,renewable raw material,integrity,integration young people
competitive,margin erosion,technological,concept,toxic,check,freedom
collaboration,inflationary pressure,market condition,technological breakthrough,waste disposal,action take,education
deep,cost increase,unlikely,wait,agriculture,invite,woman man
really good,noticeable decline,congestion,market trend,water retention,participate,sponsor
spirit,normalization,production issue,perhaps,fertiliser,effectiveness,mental wellbeing
new,severe downturn,less,materialize,exhaust gas,succession planning,disadvantaged
joy,drop sharply,impact climate change,near-term,light pollution,evaluate,genderbased violence
mind,high inflation rate,positive effect,production growth,paper,recruit,older people
differentiate,sovereign debt crisis,excessive,steadily,carbon dioxide emission,additionally,race ethnicity
player,negative currency effect,adverse effect,throughout,contaminant,internal audit,gender
enduring,adverse weather condition,rise temperature,market development,hydrocarbon,ethical,adolescent
solution,covid19 disruption,associate,development plan,emission,draft,mother child
loyal,high energy price,operational,look like,emission greenhouse gas,speak,sexism
enrich,disappointing,cost pressure,phase,harmful emission,form,break down barrier
go extra mile,setback,conversely,explore,water withdrawal,due diligence,elderly disabled
pleasant,year-on-year decline,burden,start point,crop,remuneration system,education young people
development,recover,energy price,mid-term,marine ecosystem,best practice,mental physical
truly unique,oil price,substantially,gather momentum,hazardous,organisational,inclusion diversity
agile,decline oil price,reason,take step,additive,auditor,education opportunity
shine,catch-up effect,heat wave,next phase,insecticide,status,prisoner
entrepreneurial,volume decline,structural change,disruptive innovation,environmentally,internal external,pregnancy
great opportunity,softer,environmental disaster,cautious optimism,nutrient,tender,vulnerable community
top-notch,remain flat,wildfire,growth plan,soil erosion,trade union,youngster
cultivate,stagnant,higher temperature,medium longterm,protect biodiversity,nominate,food poverty
sustain,abrupt,government policy,road ahead,raw,latter,club
teamwork,price spike,operational disruption,remain confident,preservation biodiversity,formalise,patient family
exemplary,underinvestment,staff shortage,proactively,mercury,senior management team,family support
eager,production shutdown,discontinuity,capture,solvent,expert,women empowerment
take pride,uptrend,impossible,economic outlook,cleaner,website,child care
transformation,variation,extreme heat,tailwind,microbe,regulation,sponsorship
productive,unplanned shutdown,hurricane,perceive,drinking water,attend,young child
engaging,drastic,expensive,strategic,oxygen,implementation,injustice
efficient,market contraction,chronic,improvement,emission reduction,compliance officer,road safety
flexible,drag,blackout,larger scale,carbon sequestration,role responsibility,disease
maintain,global supply chain disruption,condition,will eventually,biofuel,applicant,discrimination harassment
impressed,yield compression,generate,growth trajectory,environmentally harmful,survey,equal opportunity
loyalty,uneven,possibly,unfold,mining,session,profession
easy,weakened demand,side effect,backdrop,reduction emission,business partner,disability
creative innovative,marginally,trigger,structural reform,energy resource,select,people live
best possible,dwindle,serious,strong pipeline,liquid waste,complaint,educate
competitive edge,fall oil price,combination,return,air water soil,guide,sport culture
flourish,contrast,technological development,respond,coal,personnel,young people
humble,share price decline,political decision,energy market,water waste,attendance,single parent
endure,exacerbate,logistical challenge,will probably,reduce co2 emission,external auditor,invisible disability
reinvent,challenging market condition,climate condition,massively,plastic pollution,member,promote equal opportunity
dynamism,decline sharply,barrier,track,carbon dioxide co2,decision-making,autistic
work together,pronounced,isolate,face challenge,conserve water,succession,physical mental health
unrivaled,underperform,inertia,continuation,chemical pollution,forum,proper nutrition
technology,shortfall,bottleneck,milestone,renewable source,merit,socially
innovative solution,higher energy price,market demand,extend,reuse recycling material,officer,nondiscrimination
magic,higher oil price,minimise,enough,limestone,nonexecutive director,young people disability
innovation creativity,downtrend,limited availability,transition,climate change,notification,health organisation
excellent customer service,currency headwind,disruptive event,angle,solid liquid waste,observation,vulnerable population
pioneering,adversely impact,rise sea level,undoubtedly,chlorine,resolution,girl woman
formidable,higher production volume,political instability,macro condition,acid,ethics,integration disabled
rich,decrease slightly,competitive disadvantage,require,mineral oil,examination,donation
strongly,upward pressure,change climate condition,together,carbon capture,accept,frontline worker
secure,slowdown global economy,geopolitical,cautiously optimistic,production waste,conclusion,equal employment opportunity
strong sense,structural decline,consequence climate change,against backdrop,foul,good practice,fight against discrimination
enormous,passenger volume,water crisis,well place,waste production,performance assessment,child young adult
deliver exceptional,lag effect,political economic uncertainty,advance,reforestation,personally,race gender
deliver excellent,stabilization,frost,dynamically,recycling waste,advisor,stem education
reward,restrained,cyberattack,prompt,contamination,examine,neurodivergent
best-in-class,disruption supply chain,will inevitably,last,solid waste,review process,woman tech
captivating,dislocation,extreme temperature,stronger position,organic waste,specifically,inclusive
wish,fall significantly,unpredictability,continue,waste wood,oversight,recreational activity
celebrate,production decline,regulatory intervention,complete,freshwater,govern,child parent
stability,production increase,tendency,ramp up,packaging material,assist,equality opportunity
resonate,slightly higher,imbalance,forthcoming,use pesticide,objectivity,lgbtqia community
commitment dedication,deteriorated,poorly,estimate,recycled,agenda,gender stereotype
joyful,weigh down,drought condition,await,improve energy efficiency,anonymous,citizenship
ambitious,weaker economy,severe disruption,future,peatland,culture,sexual violence
longlasting,negatively,counter,,waste produce,management body,health welfare
champion,supply disruption,overheate,,biodiversity protection,company manager,sexual orientation gender identity
flexibility,price decrease,danger,,alternative fuel,remuneration structure,neurodiversity
memorable,slight decrease,lose,,reuse recycle,formulate,coworker
driver,price oil,dependence,,green energy,anti-corruption policy,health issue
innovative spirit,historically high level,large scale,,facility,assessment process,social cultural
feel good,due to slowdown,mild,,surface water,recipient,victim violence
strongest,less favourable,disaster,,vegetation,voting,prison
aspiration,rise energy price,protectionism,,toxin,organizational,indigenous
professionalism,organic decline,technical problem,,heavy metal,audit process,teaching
versatility,temporary closure,severe weather condition,,planet,protocol,blindness
important ever,deceleration,transitional risk,,consumption natural resource,deliberation,promote health wellbeing
push,adversely affect,forest fire,,food production,debate,sick child
strong brand,intense price competition,immune,,clean air,succession plan,gender equity
spectacular,pressure price,war,,clay,disciplinary,women rights
bold,decelerate,effect climate change,,decomposition,line manager,parent caregiver
like,production interruption,catastrophic,,reduce pollution,decisionmaking process,lgbtq people
invaluable,higher sale volume,mitigate impact,,soil health,selection procedure,young person
scale,prolonged period,persistent,,cool,discussion,physical health
surprising,structural problem,harsh,,cement production,external stakeholder,young woman
try,slower economic growth,scarcity,,metal,supervise,religious
immersive experience,dramatic,crop yield,,dirt,recruitment,pregnant woman
greatness,modest,disruption cause,,emission air,preparation,corporate volunteer
customer experience,increase competitive pressure,aggressive,,irrigation,cooperation,selfesteem
fundamental,historically low level,adverse weather,,ozone depletion,whistleblowing procedure,victim gender violence
fruitful,significantly weaker,damage cause,,oils,executive team,female empowerment
achieve goal,much higher,against,,waste water treatment,draw up,violence against
transformative,slightly weaker,pest,,flora fauna,senior,homeless
innovative thinking,narrowing,severe storm,,noise pollution,misconduct,health education
benefit,higher raw material cost,swell,,potable water,documentation,seafarer
around world,rise electricity price,water availability,,process water,performance evaluation,young athlete
smooth,slight growth,explosion,,discharge water,whistleblowing channel,parent child
resilience,price drop,natural hazard,,plastic recycling,agreement,child welfare
forefront,sharp downturn,storm flood,,methane emission,policy procedure,wellness
partnership,margin decline,subsidence,,dust emission,training plan,sport activity
dream,euro crisis,prolonged drought,,resource consumption,performance appraisal,humane
inspirational,price competition,traditional,,fertiliser pesticide,identity,trade union activity
highly innovative,poorer,extreme weather phenomenon,,water conservation,target group,underserved community
modernity,fall short expectation,heatwave,,organic substance,public,country
pioneer,component shortage,temperature rise,,toxic substance,chairperson,child education
memorable experience,capacity reduction,water scarcity,,footprint,internal auditor,child live
offering,pandemic-related,coastal erosion,,natural gas,human resources department,job placement
expand,pricing pressure,natural catastrophe,,clean energy,diversity policy,gender identity
push boundary,oil demand,energy demand,,source,investor,physical mental disability
satisfying,return normal level,wave,,biobased material,corporate social responsibility,mental well
consistently,historically low,violent weather event,,mining process,compensation policy,justice
purposeful,lowered,warmer climate,,food,assistance,breast cancer
well positioned,lower production volume,uncontrolled,,fossil fuel combustion,inter alia,emotional wellbeing
consumer,remain buoyant,resistant,,water system,board committee,mentoring
longstanding,higher raw material price,extreme climate event,,organic fertilizer,answer,age
collaborative,plant closure,risk flooding,,contaminate,point contact,migrant worker
mindset,omicron variant,reputation,,energy usage,appraisal,reduce inequality
stay,higher financing cost,weather pattern,,vegetable oils,leadership team,resident
feeling,persist,destructive,,desalination,supervisory body,homeless people
next generation,steep drop,loss biodiversity,,waste stream,company board,loneliness
talented team,price hike,probability,,organic solvent,channel,stereotype
curiosity,sharp slowdown,tremor,,toxicity,assess,elderly people
proven,severely,snowfall,,refrigerant,training programme,children
magnificent,advanced economy,desertification,,water pollutant,skill,menstruation
finest,slight recovery,strong wind,,water supply,oversee,risk social exclusion
drive force,normalisation,intense rainfall,,chemical product,code ethic,peace
timeless,relatively low,rain snow,,soil protection,corporate culture,inmate
creator,oil and gas price,viable,,agricultural residue,dialog,promote equality
pursue,gradually recover,fluctuate,,dust particle,periodically,gender violence
surprise,adverse movement,global,,global warming,declaration,discrimination violence
advantage,global economic downturn,diversify,,emission atmosphere,certification,vocational training
attitude,loss market share,management,,steel production,verification,underprivileged child
mission,weaken economy,reverse,,soil conservation,answer question,breast cancer prevention
human touch,price volatility,differ,,green house gas,remuneration principle,life skill
imagination,turnaround,legal,,herbicide,compliance department,association
imaginative,slower pace,probable,,absorb co2,acknowledgement,caring
delighted,trend upward,floods,,urban,alignment,victim
unprecedented,slump demand,,,timber,corruption,military veteran
technical excellence,increase protectionism,,,grass,whistleblower,national
fascinating,job loss,,,waste biomass,incentive system,hunger
genuinely,slight rise,,,insect,confidential,female
groundbreak,benign,,,charcoal,corporate body,quality education
pleasure,steep increase,,,material use,orientation,cerebral palsy
value proposition,supply challenge,,,particulate,internal communication,schoolage child
versatile,market slowdown,,,heating,management board,physical exercise
beauty,consumer confidence,,,ecosystem,evaluation process,psychological wellbeing
testament,market volatility,,,energy waste,advisory body,chronic disease
robust,severe drought,,,animal,ethical principle,children rights
revolutionary,increase sharply,,,surface,message,institution
spirit innovation,higher operating cost,,,wash,interview process,access quality education
contemporary,unusually high,,,fuel consumption,newly appoint,motherhood
highly appreciate,production loss,,,pollute substance,personal datum,ethnic origin
stronger ever,delivery delay,,,local air quality,publish,celebrate diversity
team spirit,fear,,,packaging waste,internal audit function,survivor
great potential,downward spiral,,,water collection,corporate governance code,grassroot
even stronger,market correction,,,wetland,instruct,spiritual
great advantage,supply chain constraint,,,water wastewater,training session,disabled child
keep,fall back,,,biogas,bod,handicap
inspired,rise unemployment,,,purify water,whistleblowing policy,down syndrome
unbeatable,weak domestic,,,harmful substance,union,employment people disability
excitement,fluctuations,,,land,conflict,underprivileged people
clever,slight deterioration,,,waste management recycling,charter,volunteer work
core strength,currency devaluation,,,littering,good governance,vulnerable young people
root,higher production cost,,,slurry,audit committee,advocate
trust brand,pressure margin,,,inert,occasion,alzheimer
tenacity,high volatility,,,water reuse,take part,value diversity
impactful,rise raw material price,,,contaminate soil,group manager,health fitness
creative solution,relatively weak,,,odor,invitation,cancer prevention
decisive,demand growth,,,permeable,employment relationship,kid
huge,disturbance,,,reuse material,select candidate,boy girl
perform well,decline somewhat,,,sulfur,internal rule,refugee asylum seeker
innovative creative,unfavourable weather condition,,,waste pollution,agency,marginalisation
lasting,tightening monetary policy,,,indoor air,delegate,family carer
boldly,bearish,,,energy saving,board meeting,deaf
tradition,dampening,,,hydrogen,motivation,hire
even greater,moderate growth,,,soil pollution,induction,ambassador
deliver promise,erode,,,food loss,organise,ethnicity disability
nourish,material shortage,,,seawater,vote,cultural sport activity
excited,exit,,,fire risk,candidate,nation
lively,turbulence,,,agrochemical,training course,inspire young
heart mind,revenue reduction,,,energy,conversation,marginalize
praise,sell-off,,,leachate,nomination process,promotion sport
happier,intensify competition,,,composting,control function,sport practice
stand out crowd,price correction,,,cover crop,governance structure,culture art
core,covid19 related lockdown,,,protection biodiversity,recruitment activity,downs syndrome
proactive,mute,,,water,ethical standard,volunteer program
entrepreneurship,downward revision,,,cement kiln,allegation,discrimination
perfection,supply chain problem,,,energy-intensive process,compliance system,football
endeavour,higher occupancy,,,water chemical,external consultant,dyslexia
pave way,freight rate,,,dust control,board evaluation,victim domestic violence
incredibly proud,input cost increase,,,battery,internal control,promote gender equality
tough,squeeze,,,nitric,control,children education
positive impact,unexpectedly,,,treat wastewater,background check,cancer patient
key differentiator,slowly,,,nature-based solution,irregularity,help disadvantaged child
lay foundation,lockdown,,,byproduct,referral,school child
intense,increase input cost,,,fishing net,query,prevention campaign
market leader,lack liquidity,,,particulate matter emission,election,domestic abuse
cutting-edge,unusually,,,subsoil,recruiting,doctor
boldness,inflationary cost pressure,,,toxic material,elect representative,raise awareness mental health
faith,political uncertainty,,,regenerative,presentation,breastfeeding
relentless,higher interest rate environment,,,land use change,equal treatment,education sport
uniquely,low interest rate environment,,,water purification,institute,child vulnerable
courageous,high electricity price,,,glycol,self-assessment process,suicide
build trust,rate increase,,,protect soil,induction process,civic engagement
curious,recover strongly,,,biodiversity preservation,contents,race
service excellence,mild weather,,,biomass waste,trade union representative,young old
harness,adverse market condition,,,aquaculture,company executive,gender base violence
all important,supply problem,,,wood chip,send,self esteem
perfect fit,pentup demand,,,gas emit,criminal,mother
great thing,higher logistics cost,,,carbon capture storage,compliance training,help disadvantaged
launch,economic contraction,,,water vapor,search process,education vocational training
serene,appreciably,,,polluted,convene,loving
captivate,slow economic growth,,,carbon sink,rule conduct,encourage healthy lifestyle
family atmosphere,weaker market condition,,,biodiversity,nomination committee,asylum seeker
partner choice,house price,,,soil management,company representative,ethnic
ingenious,halt,,,microorganism,executive board,less fortunate
welcome,softer demand,,,moisture,employment contract,social enterprise
welcoming,global supply chain issue,,,protection water resource,auditing,care elderly
fabulous,shock,,,natural habitat,incentive,torture
high perform,plunge,,,biooil,potential conflict interest,primary school child
visionary,unfavorable weather condition,,,incineration,training program,health programme
talented people,trade dispute,,,diffuse emission,recruiter,family planning
great success,compensate decline,,,debris,board level,armed
endurance,interest rate cut,,,geothermal energy,guide line,ethnic minority
perfectly,health restriction,,,plastic production,employee evaluation,community volunteer
comfortable,trade tension,,,water resources,consultation,youth education
positivity,turmoil,,,waste,human resources,promote mental health
faster better,semiconductor shortage,,,marine pollution,compliance management system,live disability
cando attitude,price erosion,,,bioenergy,anonymously,hivaids
supportive culture,lacklustre,,,clinker,appointment,educational program
skilled,higher sale price,,,peat,article,reproductive health
delicious,severely impact,,,watercourse,cv,empower woman
delight customer,difficult economic situation,,,insulation material,potential candidate,homophobia
award-winning,oil price decline,,,species,top executive,vulnerable
approach,asset price,,,fume,physician,athlete
perfect combination,economic slump,,,cut waste,executive committee,emergency relief
turbulent time,continued weak demand,,,river water,committee,age disability
simply,much weaker,,,water discharge,ceo cfo,sport competition
highly successful,unsustainable,,,liquefy natural gas,senior leader,disabled young people
excellent reputation,hold back,,,water source,collegial,supporter
profound,industry downturn,,,mineral,management board member,emancipation
give confidence,refinery margin,,,harmful pollutant,supervisory board,healthy
brand ambassador,pandemic-related restriction,,,example,succession process,chil dren young people
efficiency,supply chain bottleneck,,,capture co2,whistleblowing,adhd
appeal,offset weaker,,,store carbon,president,plan international
entrepreneur,somewhat weaker,,,textile production,role description,societal
courage,subside,,,iron oxide,motivate,disability sexual orientation
desirable,austerity measure,,,sulphur compound,company secretary,orphan
inventive,drag down,,,sulphur,ombudsman,girl boy
gentle,insolvency,,,biodegradable,visit,lgbtiq
grateful,slight downturn,,,wet,rule procedure,people autism
elegance,nervousness,,,environmentally damaging,non executive director,racism discrimination
huge success,capital outflow,,,waste wastewater,recruitment policy,foundation
immensely proud,sharp contraction,,,scrub,bribery,illiteracy
really want,debt crisis,,,rainwater,jury,child aged
convincing,modest decline,,,nitrogen oxide nox,talent,sos childrens village
enthusiast,macroeconomic headwind,,,capture carbon dioxide,elearning training course,racial equity
extremely proud,economic stagnation,,,salt water,lawyer,fight against poverty
unforgettable,sharply decline,,,improvement air quality,commissioner,substance abuse
rapid,bottom out,,,sea water,manager,lgbtqi
beneficial,oil market,,,waste water management,committee meeting,fight against racism
breakthrough,collapse oil price,,,water pump,company website,disability ethnicity
insightful,deficit,,,waste gas,consent,child suffer
satisfaction,unprofitable,,,carbon monoxide,nominating,illiterate
invent,depreciation,,,soil degradation,notice,safe
happiness,loss-making,,,dye,evaluator,charity fundraising
collaborate,bankrupt,,,water course,align,nonprofit
accomplish,falling,,,biogas production,committee member,celebration
exceptional,losses,,,biowaste,mediator,friendship
greatest,,,,fibre,announcement,lgbtq colleague
honor,,,,freshwater use,chairman board,school student
prosperous,,,,pfas,duly,lowincome community
dependable,,,,air soil,code ethics conduct,sex
effective,,,,salt,presenter,volunteer initiative
favorite,,,,ghg,general meet,girl young woman
achievement,,,,sea pollution,chief compliance officer,culture sport
receptive,,,,plant animal,executive officer,charitable
constructive,,,,sewage,email,elephant
worthy,,,,contaminate water,executive,handicapped child
progress,,,,sequester carbon,chairman chief executive officer,hiv
unsurpassed,,,,hydropower,editorial team,underrepresented community
favorable,,,,food source,spokesperson,elite
acclaimed,,,,pesticide fertiliser,rewarding,immigration
compliment,,,,aquifer,self evaluation,science education
gain,,,,mine,whistleblowing report,immigrant refugee
despite,,,,heat electricity,disclosure,educate young
lucrative,,,,carbon dioxide co,dismissal,vulnerable population group
attain,,,,nonrecyclable waste,compliance policy,economic empowerment
abundance,,,,reverse osmosis,hotline,disabled elderly
surpass,,,,sodium bicarbonate,nominee,elder
exclusive,,,,irrigation water,resignation,science technology engineering
rebound,,,,wash water,statutory auditor,woman ethnic minority
proficiency,,,,fly ash,anti-bribery policy,childbirth
invention,,,,pollution,lecturer,child youngster
stabilize,,,,volatile organic,elect,socially disadvantaged child
diligent,,,,aqueous,governance code,youth sector
satisfy,,,,humid,bonus,road safety education
satisfied,,,,aquatic,chat,pregnancy maternity
accomplished,,,,clean water,journalist,intellectual disability
upturn,,,,steam,anti corruption policy,selfharm
meritorious,,,,olive,rotation,labor
courteous,,,,resource,ballot,orphan child
distinction,,,,digestion,retention,ethnicity
resolve,,,,electricity generation,lobbying,lgbti
conclusive,,,,rain forest,bylaw,cultural sport event
,,,,absorb carbon,conflict interest policy,help underprivileged
,,,,chemical waste,tenure,men health
,,,,nitric acid,lobby,music education
,,,,waste-to-energy,motivated,top athlete
,,,,cold water,curriculum vita,youth work
,,,,surfactant,salary,aboriginal
,,,,fire,inspector,ramadan
,,,,inhabit area,honesty,breast cancer awareness
,,,,sewage sludge,awarding,without border
,,,,water reservoir,liaison,people disabilities
,,,,phosphorus,disclose,boy
,,,,soda,detect,humanity
,,,,use,fairly,poor family
,,,,pollution air water,retain,transsexual
,,,,estuary,ethically,disadvantaged background
,,,,waste mana gement,conformity,young peopl
,,,,vegetal,family,racial discrimination
,,,,excavate soil,plurality,spinal cord injury
,,,,cleaning agent,insider,youth program
,,,,manure management,influence,sick
,,,,pulverise,appreciation,labour
,,,,landfill gas,retirement,against cancer
,,,,atmosphere,grandparent,suicide prevention
,,,,solar,refreshment,expression
,,,,emissions,test,lgbtqia
,,,,wind,detection,war veteran
,,,,warming,vacancy,pandemic
,,,,cleanup,mail,friends
,,,,printing,audited,sport school
,,,,sustainability,talented,mentally ill
,,,,biofuels,webpage,injury
,,,,wilderness,spouse,privacy
,,,,wetlands,attract,philanthropy
,,,,stewardship,corrupt,medicine
,,,,pesticides,vest,donate
,,,,epa,sustainable,gay
,,,,householding,stakeholders,veterans
,,,,,nominations,homosexual
,,,,,press,wages
,,,,,testing,hiring
,,,,,quorum,drinking
,,,,,lobbyist,alcohol
,,,,,announce,unemployment
,,,,,payout,philanthropic
,,,,,death,discriminate
,,,,,proponent,wage
,,,,,vesting,bargaining
,,,,,cast,ill
,,,,,compensate,safely
,,,,,posting,minority
,,,,,mailing,epidemic
,,,,,pension,employ
,,,,,son,fairness
,,,,,controls,drug
,,,,,iso,educating
,,,,,influencing,overtime
,,,,,retainer,medicines
,,,,,embezzlement,lesbian
,,,,,recoupment,teachers
,,,,,brother,communities
,,,,,communicating,ilo
,,,,,charters,citizens
,,,,,bylaws,ethnically
,,,,,talents,lgbt
,,,,,relations,bisexual
,,,,,compact,headcount
,,,,,assesses,staffing
,,,,,cobc,csr
,,,,,reviews,endowment
,,,,,visits,nations
,,,,,sister,gifts
,,,,,severance,donations
,,,,,coso,courses
,,,,,nominees,scholarships
,,,,,plane,foundations
,,,,,aligning,inspection
,,,,,poison,charities
,,,,,announcements,standardization
,,,,,spousal,females
,,,,,approved,educated
,,,,,conflicts,warranty
,,,,,awards,minerals
,,,,,approving,conformance
,,,,,assessing,inspections
,,,,,presentations,
,,,,,assessed,
,,,,,attracting,
,,,,,parents,
,,,,,votes,
,,,,,parachute,
,,,,,vested,
,,,,,aligned,
,,,,,announced,
,,,,,detecting,
,,,,,reviewing,
,,,,,aligns,
,,,,,interviews,
,,,,,evaluating,
,,,,,reviewed,
,,,,,retaining,
,,,,,inspectors,
,,,,,proxies,
,,,,,assessments,
,,,,,disclosed,
,,,,,auditors,
,,,,,disclosures,
,,,,,qualifications,
,,,,,communicated,
,,,,,incentives,
,,,,,irs,
